Question,Answer,Low-Level Topic,Medium-Level Topic,High-level Topic,Type of A,Page Num.,Answer Start
¿Que es la demencia?,El termino demencia se define como un sindrome clinico adquirido ocasionado por una disfuncion cerebral reversible o irreversible.,El sindrome demencia,Capitulo 1: La importancia de reconocer los síntomas de las demencias,Sobre demencia,Exact,8,
¿Cómo se define el término demencia?,"El término demencia se define como un síndrome clínico adquirido, ocasionado por una disfunción cerebral reversible o irreversible.",El sindrome demencia,Capitulo 1: La importancia de reconocer los síntomas de las demencias,Sobre demencia,Exact,,
¿Cuál es la principal característica de la demencia?,"La principal característica de la demencia es el severo deterioro de las funciones cognitivas, asociado con frecuencia a trastornos psicológicos y de la conducta, y, en ocasiones, a trastornos del movimiento.",El sindrome demencia,Capitulo 1: La importancia de reconocer los síntomas de las demencias,Sobre demencia,Not exact,,
¿Qué son las alucinaciones y cómo se definen?,Las alucinaciones son percepciones en ausencia de un objeto o estímulo externo con total convencimiento de la realidad de dicha percepción.,Las alucinaciones,Capitulo 4: Los síntomas psicológicos y conductuales en demencia,Sobre demencia,Exact,,0
¿Cuántos tipos de alucinaciones existen y cuáles son?,"Existen tantos tipos de alucinaciones como sentidos existen. Por lo tanto, tendremos alucinaciones visuales, auditivas, olfativas, gustativas y táctiles.",Las alucinaciones,Capitulo 4: Los síntomas psicológicos y conductuales en demencia,Sobre demencia,Exact,,50
¿Cuáles son las alucinaciones más frecuentes en pacientes con demencia?,"En pacientes con demencia, las alucinaciones visuales son las más frecuentes. Ellos pueden ver personas, animales o destellos de luz.",Las alucinaciones,Capitulo 4: Los síntomas psicológicos y conductuales en demencia,Sobre demencia,Not exact,,
¿Qué tipo de alucinaciones visuales son comunes en casos de pacientes con demencia?,"Las alucinaciones más frecuentes en casos de pacientes con demencia suelen ser la visión de pequeños bichos, como hormigas en el suelo, techo, en su ropa de dormir o en su plato de comida. También es común que vean a personas fallecidas, como sus padres, hermanos o familiares lejanos.",Las alucinaciones,Capitulo 4: Los síntomas psicológicos y conductuales en demencia,Sobre demencia,Not exact,,
¿Cómo se diferencian las alucinaciones visuales de las ilusiones?,"Las alucinaciones visuales deben distinguirse de las ilusiones, que son percepciones erróneas de estímulos externos reales. Por ejemplo, ver una sombra y pensar que es un ""atacante"" o al verse reflejado en un espejo, creer que alguien lo está persiguiendo.",Las alucinaciones,Capitulo 4: Los síntomas psicológicos y conductuales en demencia,Sobre demencia,Not exact,,
¿Puedes darme un ejemplo de un paciente con alucinaciones visuales?,"Sí, por ejemplo, el Sr. GRE, que tiene un diagnóstico previo de parkinsonismo, algunas noches por la madrugada, se despierta para ir al baño. Cuando regresa e intenta reiniciar el sueño, no lo logra, porque ve un perro marrón extraño que ingresa a su habitación y se recuesta al lado de la puerta frente a él. Después de varias semanas, él ha tomado conciencia de que esto no es real, pero en algunas ocasiones también ha escuchado al perro ladrar, por lo que ha tenido que levantar la voz y ordenar ""silencio"".",Las alucinaciones,Capitulo 4: Los síntomas psicológicos y conductuales en demencia,Sobre demencia,Not exact,,
¿Qué es un ejemplo de un paciente con alucinaciones visuales?,"El Sr. GRE con diagnóstico previo de parkinsonismo, algunas noches por la madrugada, se despierta para ir al baño; cuando regresa a intentar reiniciar el sueño, no lo logra, debido a que un extraño perro marrón ingresa a su habitación y se recuesta al lado de la puerta frente a él",Las alucinaciones,Capitulo 4: Los síntomas psicológicos y conductuales en demencia,Sobre demencia,Exact,,
¿Por qué a menudo prestamos escasa atención a la asociación entre ansiedad y demencia de Alzheimer?,"En general, prestamos escasa atención a la asociación entre ansiedad y demencia de Alzheimer debido a que nos enfocamos excesivamente en el componente cognitivo de la ansiedad y menos en el componente somático que es más predominante en los adultos mayores.",La ansiedad en la demencia,Capitulo 4: Los síntomas psicológicos y conductuales en demencia,Sobre demencia,Not exact,,
¿Cuáles son los componentes que se deben distinguir en los síntomas ansiosos de un paciente con síntomas iniciales de demencia de Alzheimer?,"En los síntomas ansiosos de un paciente con síntomas iniciales de demencia de Alzheimer se deben distinguir el componente cognitivo (sensación de frustración por no poder realizar ciertas tareas), el componente conductual (inquietud, hiperactividad) y el componente somático (taquicardia, sudoración, ""erizamiento"" de los vellos, entre otros).",La ansiedad en la demencia,Capitulo 4: Los síntomas psicológicos y conductuales en demencia,Sobre demencia,Not exact,,
¿En qué situaciones pueden experimentar ansiedad los pacientes con demencia?,"Los pacientes con demencia pueden experimentar ansiedad en situaciones no familiares, especialmente cuando se les expone a cambios en su entorno habitual, como cambios de cuidadores, cambio de lugar de residencia o internamiento para una cirugía programada o en casos de emergencia médica.",La ansiedad en la demencia,Capitulo 4: Los síntomas psicológicos y conductuales en demencia,Sobre demencia,Not exact,,
¿Cuáles son algunos factores frecuentes que ocasionan ansiedad en pacientes con demencia?,"Algunos factores frecuentes que pueden ocasionar ansiedad en pacientes con demencia son ciertos medicamentos, problemas médicos infecciosos como infección urinaria o neumonía, así como las medidas de cuarentena y el aislamiento social debido a la pandemia de COVID-19.",La ansiedad en la demencia,Capitulo 4: Los síntomas psicológicos y conductuales en demencia,Sobre demencia,Not exact,,
¿Puedes darme un ejemplo de un paciente con demencia que presenta síntomas de ansiedad?,"Sí, por ejemplo, el señor ADS muestra síntomas de ansiedad al mirar constantemente hacia la ventana, esperando al cartero que debe traer la carta de su esposa, quien falleció hace 3 años. Pregunta por la hora cada 15 minutos y se muestra ansioso cada vez que escucha el sonido de un auto pasando frente a su casa, ya que lo asocia con la llegada del cartero.",La ansiedad en la demencia,Capitulo 4: Los síntomas psicológicos y conductuales en demencia,Sobre demencia,Not exact,,
¿Cuál es un ejemplo de un paciente con demencia que presenta síntomas obsesivos generadores de ansiedad?,"El señor JFR muestra síntomas obsesivos y ansiedad relacionados con la idea de que los microbios lo quieren invadir. Se lava y frota las manos constantemente ante cualquier contacto con objetos de la casa y evita que las puertas y ventanas estén abiertas para evitar la entrada de ""corrientes de aire cargadas de microbios"". Además, no logra tomar sus siestas de la tarde porque se siente obligado a vigilar que todos en la casa usen mascarillas para evitar la contaminación del aire que él respira.",La ansiedad en la demencia,Capitulo 4: Los síntomas psicológicos y conductuales en demencia,Sobre demencia,Not exact,,
¿Qué componentes tiene la ansiedad en una persona con demencia?,"El componente cognitivo, que involucra los sentimientos y procesos mentales de la persona como sentirse frustrado, el componente somático, que involucra síntomas físicos como taquicardia, sudoración y ""erizamiento"" de los vellos, y el componente conductual, como inquietud o hiperactividad.",La ansiedad en la demencia,Capitulo 4: Los síntomas psicológicos y conductuales en demencia,Sobre demencia,Not exact,,
¿Qué factores pueden desencadenar ansiedad en pacientes con demencia además de los cambios en su entorno o las enfermedades infecciosas?,"Además de los cambios en el entorno y las enfermedades infecciosas, otros factores que pueden desencadenar ansiedad en pacientes con demencia incluyen sentirse aislados o carecer de vínculos familiares, ciertos medicamentos y las medidas de cuarentena y aislamiento social asociadas a la pandemia de COVID-19.",La ansiedad en la demencia,Capitulo 4: Los síntomas psicológicos y conductuales en demencia,Sobre demencia,Not exact,,
¿Cuáles son los diferentes tipos de insomnio que pueden experimentar los pacientes con demencia?,"El insomnio en pacientes con demencia puede manifestarse como dificultad para iniciar el sueño, dificultad para mantenerlo o despertar precozmente en la mañana.",Las alteraciones del sueño,Capitulo 4: Los síntomas psicológicos y conductuales en demencia,Sobre demencia,Not exact,,
¿Qué puede causar la reducción del tiempo de sueño profundo en pacientes con demencia?,"La reducción del tiempo de sueño profundo en pacientes con demencia puede ser causada por diversas razones, como despertares frecuentes durante la noche, paseo o vagabundeo nocturno y dificultad para mantenerse despierto al día siguiente.",Las alteraciones del sueño,Capitulo 4: Los síntomas psicológicos y conductuales en demencia,Sobre demencia,Not exact,,
¿Qué factores pueden contribuir al vagabundeo nocturno en pacientes con demencia?,"El vagabundeo nocturno en pacientes con demencia puede ser resultado del insomnio, efectos secundarios de ciertos medicamentos, estrés emocional, necesidad de ir al baño, sentir algún tipo de dolor o experimentar movimientos involuntarios en las extremidades inferiores, conocido como síndrome de piernas inquietas.",Las alteraciones del sueño,Capitulo 4: Los síntomas psicológicos y conductuales en demencia,Sobre demencia,Not exact,,
¿Cuál es un ejemplo de insomnio por dificultad para mantener el sueño con despertar matutino precoz en un paciente con demencia?,"Un ejemplo sería el caso del señor AFP, quien frecuentemente despierta alrededor de las 3:30 am, se viste y solicita el desayuno para ir a su trabajo, a pesar de que no trabaja actualmente.",Las alteraciones del sueño,Capitulo 4: Los síntomas psicológicos y conductuales en demencia,Sobre demencia,Not exact,,
¿Cuál es un ejemplo de insomnio por dificultad para iniciar el sueño con despertares nocturnos frecuentes e inversión del ritmo circadiano del sueño en un paciente con demencia?,"Un ejemplo sería el caso de la Sra. MRS, quien tiene dificultad para conciliar el sueño, se despierta varias veces durante la noche para ir al baño, aunque no siempre tiene la necesidad de hacerlo. Esto se repite varias veces, y ella logra quedarse dormida alrededor de las 4 o 5 am. Al despertar, experimenta somnolencia y desea seguir durmiendo hasta el almuerzo.",Las alteraciones del sueño,Capitulo 4: Los síntomas psicológicos y conductuales en demencia,Sobre demencia,Not exact,,
¿Cuál es el impacto de las alteraciones del sueño en los pacientes con demencia?,"Las alteraciones del sueño pueden tener un impacto negativo en los pacientes con demencia, ya que afectan su calidad de vida, su capacidad de realizar actividades diarias y su nivel de funcionamiento durante el día debido a la somnolencia y la falta de descanso adecuado.",Las alteraciones del sueño,Capitulo 4: Los síntomas psicológicos y conductuales en demencia,Sobre demencia,Not exact,,
¿Qué puede contribuir al despertar precoz matutino en pacientes con demencia?,"El despertar precoz matutino en pacientes con demencia puede ser causado por el avance de la enfermedad y el deterioro del ritmo circadiano, así como por la presencia de factores de estrés o ansiedad que interrumpan el sueño durante la noche.",Las alteraciones del sueño,Capitulo 4: Los síntomas psicológicos y conductuales en demencia,Sobre demencia,Not exact,,
"¿Qué se entiende por ""sueño profundo restaurador"" y por qué es importante en el contexto de la demencia?","El sueño profundo es una etapa del sueño caracterizada por una mayor relajación muscular, una disminución de la actividad cerebral y una mayor dificultad para despertar. Se considera restaurador porque desempeña un papel crucial en la consolidación de la memoria, la regeneración celular y la recuperación física y mental. La reducción del tiempo de sueño profundo en pacientes con demencia puede tener un impacto negativo en su bienestar general y empeorar los síntomas cognitivos y conductuales asociados a la enfermedad.",Las alteraciones del sueño,Capitulo 4: Los síntomas psicológicos y conductuales en demencia,Sobre demencia,Not exact,,
¿Qué es el vagabundeo en pacientes con demencia y por qué puede ser peligroso?,El vagabundeo es una conducta frecuente en pacientes con demencia que consiste en deambular sin un objetivo aparente ni rumbo fijo. Puede ser peligroso cuando el paciente abandona el hogar y corre riesgo de tener un accidente o perderse.,El vagabundeo,Capitulo 4: Los síntomas psicológicos y conductuales en demencia,Sobre demencia,Not exact,,
¿Cuáles son algunas posibles causas del vagabundeo en pacientes con demencia?,"El vagabundeo en pacientes con demencia puede desencadenarse por desorientación, confusión, falta de ejercicio, necesidad de realizar una actividad física, aburrimiento, miedos, exceso de estimulación o expresión de una sensación de malestar, como dolor, hambre o sed.",El vagabundeo,Capitulo 4: Los síntomas psicológicos y conductuales en demencia,Sobre demencia,Not exact,,
¿Qué papel juega la desorientación en el vagabundeo en pacientes con demencia?,"La desorientación puede ser una causa importante del vagabundeo en pacientes con demencia. El enfermo puede no recordar dónde se encuentra y sentirse confuso, lo que lleva a una búsqueda interminable de ""algo"". También puede experimentar vivencias psicológicas de estar en el pasado y tener la necesidad de ir a lugares como el trabajo.",El vagabundeo,Capitulo 4: Los síntomas psicológicos y conductuales en demencia,Sobre demencia,Not exact,,
¿Cómo pueden afectar los cambios en el entorno a la conducta de vagabundeo en pacientes con demencia?,"Los cambios significativos en el entorno, como mudarse de su domicilio habitual o realizar reformas en el hogar, pueden aumentar la conducta de vagabundeo en pacientes con demencia. Estos cambios pueden generar desorientación y confusión, lo que lleva al paciente a deambular sin un rumbo fijo.",El vagabundeo,Capitulo 4: Los síntomas psicológicos y conductuales en demencia,Sobre demencia,Not exact,,
¿Qué impacto puede tener el vagabundeo en el cuidador de un paciente con demencia?,El vagabundeo constante de un paciente con demencia puede agotar físicamente al cuidador. La necesidad de estar constantemente vigilando al paciente y preocuparse por su seguridad puede ser emocionalmente y físicamente agotador para el cuidador.,El vagabundeo,Capitulo 4: Los síntomas psicológicos y conductuales en demencia,Sobre demencia,Not exact,,
¿Cuál es un ejemplo de vagabundeo en un paciente con demencia?,"El Sr. FAP, cuidador de una paciente con enfermedad de Alzheimer de 6 años de evolución se encuentra agotado físicamente debido al ""constante ir y venir"" de su esposa. ""Ella es una máquina, no se cansa, entra y sale de las habitaciones, se sienta, inmediatamente se para, se recuesta para dormir, inmediatamente se levanta de la cama, empieza a llenar con agua la olla, y luego se va al jardín, coge la escoba, y regresa a la cocina ........ , y nunca termina de hacer lo que empieza"".",El vagabundeo,Capitulo 4: Los síntomas psicológicos y conductuales en demencia,Sobre demencia,Exact,,
¿Qué es el vagabundeo en pacientes con demencia?,El vagabundeo es una conducta frecuente en pacientes con demencia que consiste en deambular sin un objetivo aparente ni rumbo fijo.,El vagabundeo,Capitulo 4: Los síntomas psicológicos y conductuales en demencia,Sobre demencia,Not exact,,
¿Cómo puede afectar el vagabundeo a la seguridad de un paciente con demencia?,"El vagabundeo en pacientes con demencia puede poner en peligro su seguridad, ya que existe el riesgo de que abandonen el hogar y se expongan a accidentes o se pierdan. También pueden encontrarse en situaciones desconocidas y enfrentarse a peligros externos, como el tráfico de vehículos o las inclemencias del tiempo. Es importante tomar medidas para garantizar la seguridad de estos pacientes y minimizar los riesgos asociados al vagabundeo.",El vagabundeo,Capitulo 4: Los síntomas psicológicos y conductuales en demencia,Sobre demencia,Not exact,,
¿Qué síntomas de la demencia pueden generar una sensación de inseguridad en la persona que cuido?,"La pérdida de memoria y los problemas visoespaciales pueden hacer que se sientan preocupados, perdidos o desorientados.",Ansiedad y aturdimiento,Sintomas conductuales,Cuidar a pacientes,Not exact,,
¿Cómo puedo ayudar a la persona si me sigue y se inquieta cuando no puede verme o escucharme?,"Reduciendo el desorden y el ruido de fondo, creando una ""estación de control"" con elementos reconfortantes y considerando si necesitan más ayuda o supervisión.",Ansiedad y aturdimiento,Sintomas conductuales,Cuidar a pacientes,Not exact,,
¿Qué estrategias puedo utilizar si la persona hace las mismas preguntas repetidamente o busca consuelo con frecuencia?,"Recordar que no lo hacen a propósito, usar un tono de voz calmado, establecer una rutina diaria predecible y darles tareas sencillas para distraerlos.",Ansiedad y aturdimiento,Sintomas conductuales,Cuidar a pacientes,Not exact,,
¿Qué debo hacer si la persona se angustia tanto que está inconsolable?,"Mantener la calma, reducir el ruido y la intensidad de las luces, buscar distracciones y, en casos de peligro inmediato, llamar a los servicios de emergencia (105 para la central policial y 106 para urgencia médica).",Ansiedad y aturdimiento,Sintomas conductuales,Cuidar a pacientes,Not exact,,
¿Cuándo debo consultar al médico si la ansiedad de la persona es angustiante o pone en peligro su seguridad?,Deberías consultar al médico para ver si la medicación puede ser útil en estos casos.,Ansiedad y aturdimiento,Sintomas conductuales,Cuidar a pacientes,Not exact,,
¿Qué tipo de medicamentos se suelen utilizar para reducir la ansiedad en personas con demencia?,"Los antidepresivos suelen ser utilizados para reducir la ansiedad en personas con demencia. Sin embargo, es importante consultar al médico para determinar el medicamento más adecuado. También existen otras opciones más fuertes como las benzodiacepinas o los antipsicóticos, pero se deben evaluar cuidadosamente los beneficios y riesgos. Recuerda que la medicación debe considerarse solo si la ansiedad es angustiante o pone en peligro la seguridad de la persona. Siempre es recomendable buscar la orientación del médico.",Ansiedad y aturdimiento,Sintomas conductuales,Cuidar a pacientes,Not exact,,
¿Qué precauciones debo tomar si la persona con demencia se pierde o busca constantemente a su cuidador?,"Si la persona hace las mismas preguntas repetidamente o busca consuelo con frecuencia, ten en cuenta lo siguiente:
1. Recuerda que la persona no lo hace a propósito, sino que tiene dificultades de memoria a corto plazo o atención limitada.
2. Evita usar un tono de voz molesto que pueda generar una reacción defensiva.
4. Piensa en un guión o frase amigable que puedas repetir sin tener que pensar demasiado.
5. Establece una rutina diaria predecible y constante para proporcionar seguridad y claridad a la persona.",Ansiedad y aturdimiento,Sintomas conductuales,Cuidar a pacientes,Not exact,,
¿Cómo puedo tranquilizar a la persona y distraerla cuando se encuentra angustiada?,"Aquí tienes algunos consejos para tranquilizar y distraer a una persona con demencia:
1. Crea un entorno tranquilo y libre de desorden y ruido.
2. Establece una ""estación de control"" con refrigerios, agua y actividades cerca de su lugar favorito.
3. Considera la posibilidad de programas de día o ayuda a domicilio si necesitan más supervisión.
4. Utiliza un tono de voz calmado al interactuar con ellos.
5. Establece una rutina diaria predecible.
6. Asigna tareas sencillas y significativas.
7. Mantén la calma y respira profundamente en situaciones de angustia.
8. Considera distracciones como comida favorita o paseos en auto.
Recuerda adaptar estos consejos a las necesidades individuales y buscar ayuda médica si es necesario.",Ansiedad y aturdimiento,Sintomas conductuales,Cuidar a pacientes,Not exact,,
¿Qué condiciones médicas pueden causar cambios perceptivos en personas con demencia?,"Las infecciones urinarias, la neumonía, el estreñimiento y la deshidratación son algunas de las condiciones médicas que pueden provocar cambios perceptivos en personas con demencia.",Delirios y alucinaciones,Sintomas conductuales,Cuidar a pacientes,Not exact,,
¿Qué medicamentos pueden ser útiles para tratar delirios y alucinaciones en personas con demencia?,"Los inhibidores de la acetilcolinesterasa como donepezil o rivastigmine suelen ser útiles. Sin embargo, se debe consultar a un médico para determinar si un medicamento es apropiado y si los beneficios superan los riesgos, ya que los antipsicóticos más potentes pueden tener efectos secundarios.",Delirios y alucinaciones,Sintomas conductuales,Cuidar a pacientes,Not exact,,
¿Cómo puedo manejar los delirios relacionados con el trabajo u obligaciones anteriores de la persona con demencia?,"Recuerda que la persona no actúa de manera intencional y considera maneras de incorporar funciones previas, como cuidar una mascota o ayudar en tareas domésticas. Evita discutir o razonar con la persona y en su lugar, intenta distraerla y dirigir la conversación hacia otros temas relacionados.",Delirios y alucinaciones,Sintomas conductuales,Cuidar a pacientes,Not exact,,
¿Qué puedo hacer si la persona con demencia experimenta alucinaciones de ser acosada por alguien?,Recuerda que la persona no finge y ofrécele consuelo y empatía. Evita decirle que no debe tener miedo y busca señales visuales o auditivas que puedan estar causando la percepción errónea. Considera objetos reconfortantes y asegúrate de que el entorno sea seguro.,Delirios y alucinaciones,Sintomas conductuales,Cuidar a pacientes,Not exact,,
¿Cómo puedo manejar los delirios de la persona con demencia de que su cónyuge o cuidador es un impostor?,Recuerda que el delirio es producto de la enfermedad y no lo tomes de forma personal. Considera la visita de personas conocidas para consolar a la persona. Evita discutir o intentar convencerla de que está equivocada y busca apoyo en grupos de cuidadores o servicios profesionales de orientación.,Delirios y alucinaciones,Sintomas conductuales,Cuidar a pacientes,Not exact,,
¿Cómo puedo responder si la persona con demencia acusa a alguien de robar o esconder sus cosas?,"Investiga las reclamaciones de manera calmada y ayuda a buscar las cosas perdidas. Recuerda que la persona no hace las acusaciones intencionalmente y evita discutir. Si no se encuentra el objeto, ofrece disculpas y considera reemplazarlo. Ayuda a organizar y etiquetar las pertenencias para facilitar su localización.",Delirios y alucinaciones,Sintomas conductuales,Cuidar a pacientes,Not exact,,
"¿Qué puedo hacer si la persona con demencia se vuelve angustiada, agresiva o intenta escapar impulsivamente?",Mantén la calma y reduce el ruido y la iluminación. Pide ayuda de personas conocidas para distraer y consolar a la persona. Evita discutir o detenerla a menos que haya peligro inminente. Contacta al médico para evaluar el comportamiento y considera actividades repetitivas y rítmicas como una forma de calmarla.,Delirios y alucinaciones,Sintomas conductuales,Cuidar a pacientes,Not exact,,
¿Qué son las alucinaciones y cómo pueden estar relacionadas con el Alzheimer o la demencia?,"Las alucinaciones son cuando una persona percibe cosas que no existen, como ver, oír, oler o saborear algo que no está presente. En personas con Alzheimer o demencia, estas alucinaciones pueden ser causadas por cambios en el cerebro relacionados con la enfermedad.",Delirios y alucinaciones,Sintomas conductuales,Cuidar a pacientes,Not exact,,
¿Qué debo hacer si la persona con Alzheimer o demencia experimenta alucinaciones?,"Es importante consultar a un médico para determinar la causa de las alucinaciones. Lleve todas las medicinas de la persona a la cita y mantenga un registro de las veces que ocurren las alucinaciones, incluyendo la fecha y hora. Además, puede cambiar el ambiente para reducir las alucinaciones, como cubrir los espejos si la persona no se reconoce en ellos o encender luces para evitar visiones en la oscuridad. Tranquilice a la persona y evite discutir sobre lo que ve o escucha, ya que para ella es real.",Delirios y alucinaciones,Sintomas conductuales,Cuidar a pacientes,Not exact,,
¿Por qué pueden ocurrir las alucinaciones en personas con Alzheimer o demencia?,"Las alucinaciones en personas con Alzheimer o demencia pueden ser causadas por diversas razones. Puede ser una reacción a ciertos medicamentos, errores en la toma de medicamentos o cambios en el cerebro debido a la enfermedad de Alzheimer.",Delirios y alucinaciones,Sintomas conductuales,Cuidar a pacientes,Not exact,,
¿Cómo puedo tranquilizar a la persona con Alzheimer cuando experimenta alucinaciones?,"Puede tranquilizar a la persona diciéndole que no se preocupe y que usted está allí para ayudar. Evite discutir sobre lo que la persona ve o escucha, ya que para ella es una experiencia real. Trate de distraer a la persona con actividades que le resulten agradables o reconfortantes.",Delirios y alucinaciones,Sintomas conductuales,Cuidar a pacientes,Not exact,,
¿Qué puedo hacer para ayudar a reducir las alucinaciones en la persona con Alzheimer?,"Algunos cambios en el ambiente pueden ayudar a reducir las alucinaciones en personas con Alzheimer. Por ejemplo, si la persona no se reconoce en el espejo, puede cubrirlo con una sábana. Si la persona ve cosas en la oscuridad, puede encender la luz o utilizar una luz de noche. Si la televisión o la radio están causando confusión o miedo, puede apagarlos.",Delirios y alucinaciones,Sintomas conductuales,Cuidar a pacientes,Not exact,,
¿Qué debería tener en cuenta al hablar con el médico sobre las alucinaciones de la persona con Alzheimer?,Es importante informar al médico sobre la frecuencia y los detalles de las alucinaciones de la persona con Alzheimer. Lleve todas las medicinas de la persona a la cita y comente cualquier cambio en la forma en que toma los medicamentos. El médico podrá evaluar si las alucinaciones están relacionadas con algún medicamento o con los cambios en el cerebro causados por la enfermedad de Alzheimer.,Delirios y alucinaciones,Sintomas conductuales,Cuidar a pacientes,Not exact,,
¿Cómo puedo determinar la causa de los problemas de sueño en mi ser querido con demencia?,"Es importante llevar un registro o diario para identificar patrones y factores que puedan estar afectando el sueño, como el ambiente, la rutina diaria, la demencia y los medicamentos.",Alteración del sueño,Sintomas conductuales,Cuidar a pacientes,Not exact,,
¿Qué estrategias no farmacéuticas puedo utilizar para manejar los problemas de sueño en una persona con demencia?,"Mantener una rutina regular de sueño, hacer ejercicio diariamente, asegurar una temperatura cómoda en la habitación, reducir el consumo de líquidos antes de acostarse y evitar siestas prolongadas durante el día son algunas estrategias útiles.",Alteración del sueño,Sintomas conductuales,Cuidar a pacientes,Not exact,,
¿Cómo puedo crear un ambiente propicio para dormir?,"Mantener la habitación oscura y tranquila, utilizar iluminación nocturna si es necesario, realizar actividades tranquilas antes de acostarse y evitar contenido violento en películas o programas de TV pueden ayudar a mejorar la calidad del sueño.",Alteración del sueño,Sintomas conductuales,Cuidar a pacientes,Not exact,,
¿Es seguro utilizar medicamentos para dormir en una persona con demencia?,"Los medicamentos para dormir pueden tener riesgos en personas con demencia, como desequilibrios, caídas y confusión. Siempre es importante consultar al médico antes de iniciar cualquier medicación.",Alteración del sueño,Sintomas conductuales,Cuidar a pacientes,Not exact,,
¿Qué alternativas farmacéuticas existen para tratar los problemas de sueño en personas con demencia?,"Algunos medicamentos como los inhibidores selectivos de la recaptación de serotonina (SSRI), como la Trazodona, pueden ser utilizados bajo supervisión médica para tratar los problemas de sueño en personas con demencia.",Alteración del sueño,Sintomas conductuales,Cuidar a pacientes,Not exact,,
¿Cómo puedo abordar las condiciones médicas subyacentes que pueden afectar el sueño en una persona con demencia?,Es importante tratar adecuadamente las condiciones médicas como el dolor o la incomodidad que pueden interferir con el sueño. Consulta a un médico para evaluar la necesidad de analgésicos u otros tratamientos.,Alteración del sueño,Sintomas conductuales,Cuidar a pacientes,Not exact,,
¿Qué debo hacer si mi ser querido con demencia tiende a deambular durante la noche?,"Considera la instalación de alarmas en puertas y ventanas, y evita el encierro, ya que esto puede provocar agitación y el deseo de escapar. También puedes contratar cuidado a domicilio durante la noche para descansar como cuidador.",Alteración del sueño,Sintomas conductuales,Cuidar a pacientes,Not exact,,
¿Existe alguna estrategia para ayudar a evitar despertarse por la noche debido a la necesidad de usar el baño?,Colocar un inodoro junto a la cama puede ser una opción para evitar levantarse durante la noche y perturbar el sueño.,Alteración del sueño,Sintomas conductuales,Cuidar a pacientes,Not exact,,
¿Qué medidas puedo tomar para garantizar la seguridad de mi ser querido con demencia durante la noche?,"Considera la instalación de alarmas en puertas y ventanas, así como también evita que la persona use la misma ropa durante el día y la noche, ya que puede confundir los horarios.",Alteración del sueño,Sintomas conductuales,Cuidar a pacientes,Not exact,,
¿Existen técnicas de relajación o prácticas que puedan ayudar a con el sueño de la persona con demencia?,"Algunas estrategias incluyen mantener una rutina regular para acostarse y levantarse, hacer ejercicio diariamente, asegurar un ambiente adecuado para dormir (temperatura, oscuridad y tranquilidad), evitar el consumo de líquidos antes de acostarse, realizar actividades tranquilas antes de dormir, evitar estímulos perturbadores como películas violentas, evitar el consumo de alcohol, cafeína y nicotina, exponerse a la luz natural durante el día, y asegurarse de tratar cualquier condición médica subyacente. Es importante consultar a un médico antes de usar medicamentos para dormir y considerar opciones no farmacéuticas en primer lugar. La meditación y la atención plena también pueden ser beneficiosas.",Alteración del sueño,Sintomas conductuales,Cuidar a pacientes,Not exact,,
¿Qué medidas puedo tomar para prevenir que la persona con demencia se pierda al salir de casa?,"Es importante estar preparado y tomar precauciones, como coser o escribir el nombre de la persona con demencia y un número de emergencia en su ropa. Además, evite dejar a la persona sola cerca de una puerta sin seguro y pida a los vecinos que le avisen si sale a la calle.",Vagabundeando,Sintomas conductuales,Cuidar a pacientes,Not exact,,
¿Cómo puedo fomentar la seguridad en el hogar para evitar que la persona con demencia se pierda?,"Para mantener el hogar seguro, instale seguros en puertas y ventanas, asegurándose de que estén fuera del alcance de la persona con demencia. También puede colocar una campanita en la puerta para que suene cuando se abra.",Vagabundeando,Sintomas conductuales,Cuidar a pacientes,Not exact,,
¿Qué puedo hacer si la persona con demencia está nerviosa y propensa a salir de casa?,"Ofrecerle algo de comida o involucrarla en actividades que le gusten puede distraerla y calmarla. También puede pedirle ayuda en tareas sencillas, como doblar la ropa o preparar la cena. Escuchar música suave o ver la televisión también puede ayudar a tranquilizarla.",Vagabundeando,Sintomas conductuales,Cuidar a pacientes,Not exact,,
¿Por qué las personas con demencia tienden a perderse o salir de casa sin rumbo?,"Las personas con demencia pueden confundirse, especialmente por la tarde y por la noche. También pueden reaccionar de manera inusual a nuevos medicamentos, sentir miedo o inseguridad al no reconocer su entorno, o intentar hacer actividades que solían hacer antes, como ir a trabajar.",Vagabundeando,Sintomas conductuales,Cuidar a pacientes,Not exact,,
¿Cuáles son algunas posibles razones detrás del comportamiento de querer escapar de la persona con demencia?,"Algunas razones pueden ser el intento de escapar del ruido o de un entorno desconocido, el aburrimiento, el hambre, el frío o la necesidad de usar el baño. Estas necesidades pueden generar inquietud en la persona con demencia, llevándola a querer salir de casa.",Vagabundeando,Sintomas conductuales,Cuidar a pacientes,Not exact,,
¿Qué debo hacer si la persona con demencia se pierde?,"Si la persona con demencia se pierde, es importante actuar rápidamente. Ponte pendiente del número de emergencia que haya registrado en su ropa y anote toda la información necesaria sobre su apariencia y la última vez que la vio. También puede contactar a las autoridades locales para solicitar ayuda en su búsqueda.",Vagabundeando,Sintomas conductuales,Cuidar a pacientes,Not exact,,
¿Cómo puedo mantener a la persona con demencia activa y ocupada en casa?,"Realizar actividades que le gusten y sean adecuadas para su nivel de capacidad puede ayudar a mantener a la persona con demencia ocupada en casa. Esto podría incluir ejercicios suaves, juegos de memoria, lectura, escuchar música o realizar tareas domésticas simples.",Vagabundeando,Sintomas conductuales,Cuidar a pacientes,Not exact,,
¿Qué medidas puedo tomar para garantizar la seguridad de la persona con demencia en casa?,"Estas son algunas medidas que puedes tomar:
1. Mantenga una rutina estructurada.
2. Utilice dispositivos de localización.
3. Evite elementos desorientadores en el hogar.
4. Etiquete los objetos importantes.
5. Proporcione estimulación cognitiva.
6. Comuníquese de manera clara y comprensiva.
7. Considere sistemas de alarma en puertas y ventanas.
8. Proporcione una vestimenta adecuada.
9. Mantenga contacto con los vecinos y la comunidad.
10. Consulte con un profesional de la salud.",Vagabundeando,Sintomas conductuales,Cuidar a pacientes,Not exact,,
"Mi papa con demencia se sigue escapando de la casa en las mañanas porque piensa que tiene que ir a trabajar, ¿Qué puedo hacer al respecto?","Estas son algunas cosas que puedes hacer para ayudar a tu papá:
1. Cose o escribe el nombre de tu papá y un número de emergencia en su ropa.
2. Evita dejarlo solo o cerca de una puerta sin seguro.
3. Comunícate con tus vecinos para que te avisen si lo ven salir.
4. Realiza actividades físicas juntos en casa para canalizar su energía.
5. Guarda objetos que puedan motivarlo a querer salir de casa.
6. Asegura puertas y ventanas con seguros fuera de su alcance.
7. Considera instalar una campanita en la puerta para estar alerta si intenta salir.
8. Ofrece actividades que le gusten cuando esté nervioso o inquieto.
9. Involúcralo en tareas cotidianas para mantenerlo ocupado y tranquilo.
10. Crea un ambiente tranquilo con música suave o ver la televisión juntos.
Adapta las medidas a las necesidades específicas de tu papá y si es necesario buscar apoyo profesional.",Vagabundeando,Sintomas conductuales,Cuidar a pacientes,Not exact,,